Year,Player,AllStar,TTLAllStar
1998,Andrea Stinson,1,1
1998,Cynthia Cooper,1,1
1998,Eva Nemcova,1,1
1998,Jennifer Gillom,1,1
1998,Lisa Leslie,1,1
1998,Rebecca Lobo,,1
1998,Ruthie Bolton,,1
1998,Teresa Weatherspoon,1,1
1998,Tina Thompson,1,1
1998,Wendy Palmer,,1
1998,Cindy Brown,1,1
1998,Sheryl Swoopes,1,1
1998,Suzie McConnell Serio,1,1
1999,Andrea Stinson,,2
1999,Cynthia Cooper,1,2
1999,Eva Nemcova,,2
1999,Jennifer Gillom,,2
1999,Lisa Leslie,1,2
1999,Rebecca Lobo,,2
1999,Ruthie Bolton,,2
1999,Teresa Weatherspoon,1,2
1999,Tina Thompson,1,2
1999,Wendy Palmer,,2
1999,Cindy Brown,,2
1999,Sheryl Swoopes,1,2
1999,Suzie McConnell Serio,,2
1999,Chamique Holdsclaw,1,1
1999,Natalie Williams,1,1
1999,Shannon Johnson,1,1
1999,Ticha Penicheiro,1,1
1999,Yolanda Griffith,1,1
2000,Andrea Stinson,,3
2000,Cynthia Cooper,1,3
2000,Eva Nemcova,,3
2000,Jennifer Gillom,,3
2000,Lisa Leslie,1,3
2000,Rebecca Lobo,,3
2000,Ruthie Bolton,,3
2000,Teresa Weatherspoon,1,3
2000,Tina Thompson,1,3
2000,Wendy Palmer,,3
2000,Cindy Brown,,3
2000,Sheryl Swoopes,1,3
2000,Suzie McConnell Serio,,3
2000,Chamique Holdsclaw,,2
2000,Natalie Williams,1,2
2000,Shannon Johnson,1,2
2000,Ticha Penicheiro,1,2
2000,Yolanda Griffith,1,2
2000,Betty Lennox,1,1
2000,Katie Smith,1,1
2001,Andrea Stinson,,4
2001,Cynthia Cooper,,4
2001,Eva Nemcova,,4
2001,Jennifer Gillom,,4
2001,Lisa Leslie,1,4
2001,Rebecca Lobo,,4
2001,Ruthie Bolton,,4
2001,Teresa Weatherspoon,,4
2001,Tina Thompson,1,4
2001,Wendy Palmer,,4
2001,Cindy Brown,,4
2001,Sheryl Swoopes,,4
2001,Suzie McConnell Serio,,4
2001,Chamique Holdsclaw,1,3
2001,Natalie Williams,1,3
2001,Shannon Johnson,,3
2001,Ticha Penicheiro,1,3
2001,Yolanda Griffith,1,3
2001,Betty Lennox,,2
2001,Katie Smith,1,2
2001,Janeth Arcain,1,1
2001,Merlakia Jones,1,1
2001,Tamecka Dixon,1,1
2002,Andrea Stinson,,5
2002,Cynthia Cooper,,5
2002,Eva Nemcova,,5
2002,Jennifer Gillom,,5
2002,Lisa Leslie,1,5
2002,Rebecca Lobo,,5
2002,Ruthie Bolton,,5
2002,Teresa Weatherspoon,,5
2002,Tina Thompson,1,5
2002,Wendy Palmer,,5
2002,Cindy Brown,,5
2002,Sheryl Swoopes,1,5
2002,Suzie McConnell Serio,,5
2002,Chamique Holdsclaw,1,4
2002,Natalie Williams,,4
2002,Shannon Johnson,1,4
2002,Ticha Penicheiro,,4
2002,Yolanda Griffith,,4
2002,Betty Lennox,,3
2002,Katie Smith,1,3
2002,Janeth Arcain,,2
2002,Merlakia Jones,,2
2002,Tamecka Dixon,,2
2002,Mwadi Mabika,1,1
2002,Sue Bird,1,1
2002,Tamika Catchings,1,1
2002,Tari Phillips,1,1
2003,Andrea Stinson,,6
2003,Cynthia Cooper,,6
2003,Eva Nemcova,,6
2003,Jennifer Gillom,,6
2003,Lisa Leslie,1,6
2003,Rebecca Lobo,,6
2003,Ruthie Bolton,,6
2003,Teresa Weatherspoon,,6
2003,Tina Thompson,,6
2003,Wendy Palmer,,6
2003,Cindy Brown,,6
2003,Sheryl Swoopes,1,6
2003,Suzie McConnell Serio,,6
2003,Chamique Holdsclaw,,5
2003,Natalie Williams,,5
2003,Shannon Johnson,,5
2003,Ticha Penicheiro,,5
2003,Yolanda Griffith,,5
2003,Betty Lennox,,4
2003,Katie Smith,1,4
2003,Janeth Arcain,,3
2003,Merlakia Jones,,3
2003,Tamecka Dixon,,3
2003,Mwadi Mabika,,2
2003,Sue Bird,1,2
2003,Tamika Catchings,1,2
2003,Tari Phillips,,2
2003,Cheryl Ford,1,1
2003,Deanna Nolan,1,1
2003,Lauren Jackson,1,1
2003,Nikki Teasley,1,1
2003,Swin Cash,1,1
2004,Andrea Stinson,,7
2004,Cynthia Cooper,,7
2004,Eva Nemcova,,7
2004,Jennifer Gillom,,7
2004,Lisa Leslie,1,7
2004,Rebecca Lobo,,7
2004,Ruthie Bolton,,7
2004,Teresa Weatherspoon,,7
2004,Tina Thompson,1,7
2004,Wendy Palmer,,7
2004,Cindy Brown,,7
2004,Sheryl Swoopes,,7
2004,Suzie McConnell Serio,,7
2004,Chamique Holdsclaw,,6
2004,Natalie Williams,,6
2004,Shannon Johnson,,6
2004,Ticha Penicheiro,,6
2004,Yolanda Griffith,1,6
2004,Betty Lennox,,5
2004,Katie Smith,,5
2004,Janeth Arcain,,4
2004,Merlakia Jones,,4
2004,Tamecka Dixon,,4
2004,Mwadi Mabika,,3
2004,Sue Bird,1,3
2004,Tamika Catchings,1,3
2004,Tari Phillips,,3
2004,Cheryl Ford,,2
2004,Deanna Nolan,,2
2004,Lauren Jackson,1,2
2004,Nikki Teasley,1,2
2004,Swin Cash,1,2
2004,Diana Taurasi,1,1
2004,Nykesha Sales,1,1
2005,Andrea Stinson,,8
2005,Cynthia Cooper,,8
2005,Eva Nemcova,,8
2005,Jennifer Gillom,,8
2005,Lisa Leslie,1,8
2005,Rebecca Lobo,,8
2005,Ruthie Bolton,,8
2005,Teresa Weatherspoon,,8
2005,Tina Thompson,,8
2005,Wendy Palmer,,8
2005,Cindy Brown,,8
2005,Sheryl Swoopes,1,8
2005,Suzie McConnell Serio,,8
2005,Chamique Holdsclaw,,7
2005,Natalie Williams,,7
2005,Shannon Johnson,,7
2005,Ticha Penicheiro,,7
2005,Yolanda Griffith,1,7
2005,Betty Lennox,,6
2005,Katie Smith,,6
2005,Janeth Arcain,,5
2005,Merlakia Jones,,5
2005,Tamecka Dixon,,5
2005,Mwadi Mabika,,4
2005,Sue Bird,1,4
2005,Tamika Catchings,1,4
2005,Tari Phillips,,4
2005,Cheryl Ford,,3
2005,Deanna Nolan,1,3
2005,Lauren Jackson,1,3
2005,Nikki Teasley,,3
2005,Swin Cash,,3
2005,Diana Taurasi,1,2
2005,Nykesha Sales,,2
2005,Becky Hammon,1,1
2005,Taj McWilliams-Franklin,1,1
2006,Andrea Stinson,,9
2006,Cynthia Cooper,,9
2006,Eva Nemcova,,9
2006,Jennifer Gillom,,9
2006,Lisa Leslie,1,9
2006,Rebecca Lobo,,9
2006,Ruthie Bolton,,9
2006,Teresa Weatherspoon,,9
2006,Tina Thompson,,9
2006,Wendy Palmer,,9
2006,Cindy Brown,,9
2006,Sheryl Swoopes,1,9
2006,Suzie McConnell Serio,,9
2006,Chamique Holdsclaw,,8
2006,Natalie Williams,,8
2006,Shannon Johnson,,8
2006,Ticha Penicheiro,,8
2006,Yolanda Griffith,,8
2006,Betty Lennox,,7
2006,Katie Smith,,7
2006,Janeth Arcain,,6
2006,Merlakia Jones,,6
2006,Tamecka Dixon,,6
2006,Mwadi Mabika,,5
2006,Sue Bird,,5
2006,Tamika Catchings,1,5
2006,Tari Phillips,,5
2006,Cheryl Ford,1,4
2006,Deanna Nolan,,4
2006,Lauren Jackson,1,4
2006,Nikki Teasley,,4
2006,Swin Cash,,4
2006,Diana Taurasi,1,3
2006,Nykesha Sales,,3
2006,Becky Hammon,,2
2006,Taj McWilliams-Franklin,1,2
2006,Alana Beard,1,1
2006,Katie Douglas,1,1
2006,Seimone Augustus,1,1
2007,Andrea Stinson,,10
2007,Cynthia Cooper,,10
2007,Eva Nemcova,,10
2007,Jennifer Gillom,,10
2007,Lisa Leslie,,10
2007,Rebecca Lobo,,10
2007,Ruthie Bolton,,10
2007,Teresa Weatherspoon,,10
2007,Tina Thompson,1,10
2007,Wendy Palmer,,10
2007,Cindy Brown,,10
2007,Sheryl Swoopes,,10
2007,Suzie McConnell Serio,,10
2007,Chamique Holdsclaw,,9
2007,Natalie Williams,,9
2007,Shannon Johnson,,9
2007,Ticha Penicheiro,,9
2007,Yolanda Griffith,,9
2007,Betty Lennox,,8
2007,Katie Smith,,8
2007,Janeth Arcain,,7
2007,Merlakia Jones,,7
2007,Tamecka Dixon,,7
2007,Mwadi Mabika,,6
2007,Sue Bird,,6
2007,Tamika Catchings,1,6
2007,Tari Phillips,,6
2007,Cheryl Ford,,5
2007,Deanna Nolan,1,5
2007,Lauren Jackson,1,5
2007,Nikki Teasley,,5
2007,Swin Cash,,5
2007,Diana Taurasi,1,4
2007,Nykesha Sales,,4
2007,Becky Hammon,1,3
2007,Taj McWilliams-Franklin,,3
2007,Alana Beard,,2
2007,Katie Douglas,1,2
2007,Seimone Augustus,1,2
2007,Penny Taylor,1,1
2007,Sophia Young-Malcolm,1,1
2008,Andrea Stinson,,11
2008,Cynthia Cooper,,11
2008,Eva Nemcova,,11
2008,Jennifer Gillom,,11
2008,Lisa Leslie,1,11
2008,Rebecca Lobo,,11
2008,Ruthie Bolton,,11
2008,Teresa Weatherspoon,,11
2008,Tina Thompson,,11
2008,Wendy Palmer,,11
2008,Cindy Brown,,11
2008,Sheryl Swoopes,,11
2008,Suzie McConnell Serio,,11
2008,Chamique Holdsclaw,,10
2008,Natalie Williams,,10
2008,Shannon Johnson,,10
2008,Ticha Penicheiro,,10
2008,Yolanda Griffith,,10
2008,Betty Lennox,,9
2008,Katie Smith,,9
2008,Janeth Arcain,,8
2008,Merlakia Jones,,8
2008,Tamecka Dixon,,8
2008,Mwadi Mabika,,7
2008,Sue Bird,1,7
2008,Tamika Catchings,,7
2008,Tari Phillips,,7
2008,Cheryl Ford,,6
2008,Deanna Nolan,1,6
2008,Lauren Jackson,1,6
2008,Nikki Teasley,,6
2008,Swin Cash,,6
2008,Diana Taurasi,1,5
2008,Nykesha Sales,,5
2008,Becky Hammon,1,4
2008,Taj McWilliams-Franklin,,4
2008,Alana Beard,,3
2008,Katie Douglas,,3
2008,Seimone Augustus,,3
2008,Penny Taylor,,2
2008,Sophia Young-Malcolm,1,2
2008,Asjha Jones,1,1
2008,Candace Parker,1,1
2008,Lindsay Whalen,1,1
2009,Andrea Stinson,,12
2009,Cynthia Cooper,,12
2009,Eva Nemcova,,12
2009,Jennifer Gillom,,12
2009,Lisa Leslie,1,12
2009,Rebecca Lobo,,12
2009,Ruthie Bolton,,12
2009,Teresa Weatherspoon,,12
2009,Tina Thompson,,12
2009,Wendy Palmer,,12
2009,Cindy Brown,,12
2009,Sheryl Swoopes,,12
2009,Suzie McConnell Serio,,12
2009,Chamique Holdsclaw,,11
2009,Natalie Williams,,11
2009,Shannon Johnson,,11
2009,Ticha Penicheiro,,11
2009,Yolanda Griffith,,11
2009,Betty Lennox,,10
2009,Katie Smith,,10
2009,Janeth Arcain,,9
2009,Merlakia Jones,,9
2009,Tamecka Dixon,,9
2009,Mwadi Mabika,,8
2009,Sue Bird,,8
2009,Tamika Catchings,1,8
2009,Tari Phillips,,8
2009,Cheryl Ford,,7
2009,Deanna Nolan,1,7
2009,Lauren Jackson,1,7
2009,Nikki Teasley,,7
2009,Swin Cash,,7
2009,Diana Taurasi,1,6
2009,Nykesha Sales,,6
2009,Becky Hammon,1,5
2009,Taj McWilliams-Franklin,,5
2009,Alana Beard,,4
2009,Katie Douglas,1,4
2009,Seimone Augustus,,4
2009,Penny Taylor,,3
2009,Sophia Young-Malcolm,1,3
2009,Asjha Jones,,2
2009,Candace Parker,1,2
2009,Lindsay Whalen,,2
2009,Cappie Pondexter,1,1
2010,Andrea Stinson,,13
2010,Cynthia Cooper,,13
2010,Eva Nemcova,,13
2010,Jennifer Gillom,,13
2010,Lisa Leslie,,13
2010,Rebecca Lobo,,13
2010,Ruthie Bolton,,13
2010,Teresa Weatherspoon,,13
2010,Tina Thompson,,13
2010,Wendy Palmer,,13
2010,Cindy Brown,,13
2010,Sheryl Swoopes,,13
2010,Suzie McConnell Serio,,13
2010,Chamique Holdsclaw,,12
2010,Natalie Williams,,12
2010,Shannon Johnson,,12
2010,Ticha Penicheiro,,12
2010,Yolanda Griffith,,12
2010,Betty Lennox,,11
2010,Katie Smith,,11
2010,Janeth Arcain,,10
2010,Merlakia Jones,,10
2010,Tamecka Dixon,,10
2010,Mwadi Mabika,,9
2010,Sue Bird,1,9
2010,Tamika Catchings,1,9
2010,Tari Phillips,,9
2010,Cheryl Ford,,8
2010,Deanna Nolan,,8
2010,Lauren Jackson,1,8
2010,Nikki Teasley,,8
2010,Swin Cash,,8
2010,Diana Taurasi,1,7
2010,Nykesha Sales,,7
2010,Becky Hammon,,6
2010,Taj McWilliams-Franklin,,6
2010,Alana Beard,,5
2010,Katie Douglas,1,5
2010,Seimone Augustus,,5
2010,Penny Taylor,,4
2010,Sophia Young-Malcolm,,4
2010,Asjha Jones,,3
2010,Candace Parker,,3
2010,Lindsay Whalen,,3
2010,Cappie Pondexter,1,2
2010,Angel McCoughtry,1,1
2010,Crystal Langhorne,1,1
2010,Sylvia Fowles,1,1
2010,Tina Charles,1,1
2011,Andrea Stinson,,14
2011,Cynthia Cooper,,14
2011,Eva Nemcova,,14
2011,Jennifer Gillom,,14
2011,Lisa Leslie,,14
2011,Rebecca Lobo,,14
2011,Ruthie Bolton,,14
2011,Teresa Weatherspoon,,14
2011,Tina Thompson,,14
2011,Wendy Palmer,,14
2011,Cindy Brown,,14
2011,Sheryl Swoopes,,14
2011,Suzie McConnell Serio,,14
2011,Chamique Holdsclaw,,13
2011,Natalie Williams,,13
2011,Shannon Johnson,,13
2011,Ticha Penicheiro,,13
2011,Yolanda Griffith,,13
2011,Betty Lennox,,12
2011,Katie Smith,,12
2011,Janeth Arcain,,11
2011,Merlakia Jones,,11
2011,Tamecka Dixon,,11
2011,Mwadi Mabika,,10
2011,Sue Bird,1,10
2011,Tamika Catchings,1,10
2011,Tari Phillips,,10
2011,Cheryl Ford,,9
2011,Deanna Nolan,,9
2011,Lauren Jackson,,9
2011,Nikki Teasley,,9
2011,Swin Cash,,9
2011,Diana Taurasi,1,8
2011,Nykesha Sales,,8
2011,Becky Hammon,,7
2011,Taj McWilliams-Franklin,,7
2011,Alana Beard,,6
2011,Katie Douglas,,6
2011,Seimone Augustus,1,6
2011,Penny Taylor,1,5
2011,Sophia Young-Malcolm,,5
2011,Asjha Jones,,4
2011,Candace Parker,,4
2011,Lindsay Whalen,1,4
2011,Cappie Pondexter,1,3
2011,Angel McCoughtry,1,2
2011,Crystal Langhorne,,2
2011,Sylvia Fowles,1,2
2011,Tina Charles,1,2
2012,Andrea Stinson,,15
2012,Cynthia Cooper,,15
2012,Eva Nemcova,,15
2012,Jennifer Gillom,,15
2012,Lisa Leslie,,15
2012,Rebecca Lobo,,15
2012,Ruthie Bolton,,15
2012,Teresa Weatherspoon,,15
2012,Tina Thompson,,15
2012,Wendy Palmer,,15
2012,Cindy Brown,,15
2012,Sheryl Swoopes,,15
2012,Suzie McConnell Serio,,15
2012,Chamique Holdsclaw,,14
2012,Natalie Williams,,14
2012,Shannon Johnson,,14
2012,Ticha Penicheiro,,14
2012,Yolanda Griffith,,14
2012,Betty Lennox,,13
2012,Katie Smith,,13
2012,Janeth Arcain,,12
2012,Merlakia Jones,,12
2012,Tamecka Dixon,,12
2012,Mwadi Mabika,,11
2012,Sue Bird,,11
2012,Tamika Catchings,1,11
2012,Tari Phillips,,11
2012,Cheryl Ford,,10
2012,Deanna Nolan,,10
2012,Lauren Jackson,,10
2012,Nikki Teasley,,10
2012,Swin Cash,,10
2012,Diana Taurasi,,9
2012,Nykesha Sales,,9
2012,Becky Hammon,,8
2012,Taj McWilliams-Franklin,,8
2012,Alana Beard,,7
2012,Katie Douglas,,7
2012,Seimone Augustus,1,7
2012,Penny Taylor,,6
2012,Sophia Young-Malcolm,1,6
2012,Asjha Jones,,5
2012,Candace Parker,1,5
2012,Lindsay Whalen,1,5
2012,Cappie Pondexter,1,4
2012,Angel McCoughtry,,3
2012,Crystal Langhorne,,3
2012,Sylvia Fowles,1,3
2012,Tina Charles,1,3
2012,Kristi Toliver,1,1
2012,Maya Moore,1,1
2013,Andrea Stinson,,16
2013,Cynthia Cooper,,16
2013,Eva Nemcova,,16
2013,Jennifer Gillom,,16
2013,Lisa Leslie,,16
2013,Rebecca Lobo,,16
2013,Ruthie Bolton,,16
2013,Teresa Weatherspoon,,16
2013,Tina Thompson,,16
2013,Wendy Palmer,,16
2013,Cindy Brown,,16
2013,Sheryl Swoopes,,16
2013,Suzie McConnell Serio,,16
2013,Chamique Holdsclaw,,15
2013,Natalie Williams,,15
2013,Shannon Johnson,,15
2013,Ticha Penicheiro,,15
2013,Yolanda Griffith,,15
2013,Betty Lennox,,14
2013,Katie Smith,,14
2013,Janeth Arcain,,13
2013,Merlakia Jones,,13
2013,Tamecka Dixon,,13
2013,Mwadi Mabika,,12
2013,Sue Bird,,12
2013,Tamika Catchings,1,12
2013,Tari Phillips,,12
2013,Cheryl Ford,,11
2013,Deanna Nolan,,11
2013,Lauren Jackson,,11
2013,Nikki Teasley,,11
2013,Swin Cash,,11
2013,Diana Taurasi,1,10
2013,Nykesha Sales,,10
2013,Becky Hammon,,9
2013,Taj McWilliams-Franklin,,9
2013,Alana Beard,,8
2013,Katie Douglas,,8
2013,Seimone Augustus,1,8
2013,Penny Taylor,,7
2013,Sophia Young-Malcolm,,7
2013,Asjha Jones,,6
2013,Candace Parker,1,6
2013,Lindsay Whalen,1,6
2013,Cappie Pondexter,,5
2013,Angel McCoughtry,1,4
2013,Crystal Langhorne,,4
2013,Sylvia Fowles,1,4
2013,Tina Charles,1,4
2013,Kristi Toliver,,2
2013,Maya Moore,1,2
2013,Elena Delle Donne,1,1
2014,Andrea Stinson,,17
2014,Cynthia Cooper,,17
2014,Eva Nemcova,,17
2014,Jennifer Gillom,,17
2014,Lisa Leslie,,17
2014,Rebecca Lobo,,17
2014,Ruthie Bolton,,17
2014,Teresa Weatherspoon,,17
2014,Tina Thompson,,17
2014,Wendy Palmer,,17
2014,Cindy Brown,,17
2014,Sheryl Swoopes,,17
2014,Suzie McConnell Serio,,17
2014,Chamique Holdsclaw,,16
2014,Natalie Williams,,16
2014,Shannon Johnson,,16
2014,Ticha Penicheiro,,16
2014,Yolanda Griffith,,16
2014,Betty Lennox,,15
2014,Katie Smith,,15
2014,Janeth Arcain,,14
2014,Merlakia Jones,,14
2014,Tamecka Dixon,,14
2014,Mwadi Mabika,,13
2014,Sue Bird,,13
2014,Tamika Catchings,,13
2014,Tari Phillips,,13
2014,Cheryl Ford,,12
2014,Deanna Nolan,,12
2014,Lauren Jackson,,12
2014,Nikki Teasley,,12
2014,Swin Cash,,12
2014,Diana Taurasi,1,11
2014,Nykesha Sales,,11
2014,Becky Hammon,,10
2014,Taj McWilliams-Franklin,,10
2014,Alana Beard,,9
2014,Katie Douglas,,9
2014,Seimone Augustus,1,9
2014,Penny Taylor,,8
2014,Sophia Young-Malcolm,,8
2014,Asjha Jones,,7
2014,Candace Parker,1,7
2014,Lindsay Whalen,,7
2014,Cappie Pondexter,,6
2014,Angel McCoughtry,1,5
2014,Crystal Langhorne,,5
2014,Sylvia Fowles,,5
2014,Tina Charles,1,5
2014,Kristi Toliver,,3
2014,Maya Moore,1,3
2014,Elena Delle Donne,,2
2014,Brittney Griner,1,1
2014,Danielle Robinson,,1
2014,Lindsay Whalen,,8
2014,Nneka Ogwumike,1,1
2014,Skylar Diggins-Smith,1,1
2015,Andrea Stinson,,18
2015,Cynthia Cooper,,18
2015,Eva Nemcova,,18
2015,Jennifer Gillom,,18
2015,Lisa Leslie,,18
2015,Rebecca Lobo,,18
2015,Ruthie Bolton,,18
2015,Teresa Weatherspoon,,18
2015,Tina Thompson,,18
2015,Wendy Palmer,,18
2015,Cindy Brown,,18
2015,Sheryl Swoopes,,18
2015,Suzie McConnell Serio,,18
2015,Chamique Holdsclaw,,17
2015,Natalie Williams,,17
2015,Shannon Johnson,,17
2015,Ticha Penicheiro,,17
2015,Yolanda Griffith,,17
2015,Betty Lennox,,16
2015,Katie Smith,,16
2015,Janeth Arcain,,15
2015,Merlakia Jones,,15
2015,Tamecka Dixon,,15
2015,Mwadi Mabika,,14
2015,Sue Bird,,14
2015,Tamika Catchings,1,14
2015,Tari Phillips,,14
2015,Cheryl Ford,,13
2015,Deanna Nolan,,13
2015,Lauren Jackson,,13
2015,Nikki Teasley,,13
2015,Swin Cash,,13
2015,Diana Taurasi,,12
2015,Nykesha Sales,,12
2015,Becky Hammon,,11
2015,Taj McWilliams-Franklin,,11
2015,Alana Beard,,10
2015,Katie Douglas,,10
2015,Seimone Augustus,,10
2015,Penny Taylor,,9
2015,Sophia Young-Malcolm,,9
2015,Asjha Jones,,8
2015,Candace Parker,1,8
2015,Lindsay Whalen,,9
2015,Cappie Pondexter,,7
2015,Angel McCoughtry,1,6
2015,Crystal Langhorne,,6
2015,Sylvia Fowles,,6
2015,Tina Charles,1,6
2015,Kristi Toliver,,4
2015,Maya Moore,1,4
2015,Elena Delle Donne,1,3
2015,Brittney Griner,1,2
2015,Danielle Robinson,,2
2015,Lindsay Whalen,,10
2015,Nneka Ogwumike,,2
2015,Skylar Diggins-Smith,,2
2015,Courtney Vandersloot,1,1
2015,DeWanna Bonner,1,1
2015,Epiphanny Prince,1,1
2016,Andrea Stinson,,19
2016,Cynthia Cooper,,19
2016,Eva Nemcova,,19
2016,Jennifer Gillom,,19
2016,Lisa Leslie,,19
2016,Rebecca Lobo,,19
2016,Ruthie Bolton,,19
2016,Teresa Weatherspoon,,19
2016,Tina Thompson,,19
2016,Wendy Palmer,,19
2016,Cindy Brown,,19
2016,Sheryl Swoopes,,19
2016,Suzie McConnell Serio,,19
2016,Chamique Holdsclaw,,18
2016,Natalie Williams,,18
2016,Shannon Johnson,,18
2016,Ticha Penicheiro,,18
2016,Yolanda Griffith,,18
2016,Betty Lennox,,17
2016,Katie Smith,,17
2016,Janeth Arcain,,16
2016,Merlakia Jones,,16
2016,Tamecka Dixon,,16
2016,Mwadi Mabika,,15
2016,Sue Bird,1,15
2016,Tamika Catchings,,15
2016,Tari Phillips,,15
2016,Cheryl Ford,,14
2016,Deanna Nolan,,14
2016,Lauren Jackson,,14
2016,Nikki Teasley,,14
2016,Swin Cash,,14
2016,Diana Taurasi,1,13
2016,Nykesha Sales,,13
2016,Becky Hammon,,12
2016,Taj McWilliams-Franklin,,12
2016,Alana Beard,,11
2016,Katie Douglas,,11
2016,Seimone Augustus,,11
2016,Penny Taylor,,10
2016,Sophia Young-Malcolm,,10
2016,Asjha Jones,,9
2016,Candace Parker,,9
2016,Lindsay Whalen,,11
2016,Cappie Pondexter,,8
2016,Angel McCoughtry,1,7
2016,Crystal Langhorne,,7
2016,Sylvia Fowles,1,7
2016,Tina Charles,1,7
2016,Kristi Toliver,,5
2016,Maya Moore,1,5
2016,Elena Delle Donne,1,4
2016,Brittney Griner,,3
2016,Danielle Robinson,,3
2016,Lindsay Whalen,,12
2016,Nneka Ogwumike,1,3
2016,Skylar Diggins-Smith,,3
2016,Courtney Vandersloot,,2
2016,DeWanna Bonner,,2
2016,Epiphanny Prince,,2
2016,Breanna Stewart,1,1
2016,Jewell Loyd,1,1
2017,Andrea Stinson,,20
2017,Cynthia Cooper,,20
2017,Eva Nemcova,,20
2017,Jennifer Gillom,,20
2017,Lisa Leslie,,20
2017,Rebecca Lobo,,20
2017,Ruthie Bolton,,20
2017,Teresa Weatherspoon,,20
2017,Tina Thompson,,20
2017,Wendy Palmer,,20
2017,Cindy Brown,,20
2017,Sheryl Swoopes,,20
2017,Suzie McConnell Serio,,20
2017,Chamique Holdsclaw,,19
2017,Natalie Williams,,19
2017,Shannon Johnson,,19
2017,Ticha Penicheiro,,19
2017,Yolanda Griffith,,19
2017,Betty Lennox,,18
2017,Katie Smith,,18
2017,Janeth Arcain,,17
2017,Merlakia Jones,,17
2017,Tamecka Dixon,,17
2017,Mwadi Mabika,,16
2017,Sue Bird,,16
2017,Tamika Catchings,,16
2017,Tari Phillips,,16
2017,Cheryl Ford,,15
2017,Deanna Nolan,,15
2017,Lauren Jackson,,15
2017,Nikki Teasley,,15
2017,Swin Cash,,15
2017,Diana Taurasi,1,14
2017,Nykesha Sales,,14
2017,Becky Hammon,,13
2017,Taj McWilliams-Franklin,,13
2017,Alana Beard,,12
2017,Katie Douglas,,12
2017,Seimone Augustus,,12
2017,Penny Taylor,,11
2017,Sophia Young-Malcolm,,11
2017,Asjha Jones,,10
2017,Candace Parker,1,10
2017,Lindsay Whalen,,13
2017,Cappie Pondexter,,9
2017,Angel McCoughtry,,8
2017,Crystal Langhorne,,8
2017,Sylvia Fowles,1,8
2017,Tina Charles,1,8
2017,Kristi Toliver,,6
2017,Maya Moore,1,6
2017,Elena Delle Donne,,5
2017,Brittney Griner,1,4
2017,Danielle Robinson,,4
2017,Lindsay Whalen,,14
2017,Nneka Ogwumike,1,4
2017,Skylar Diggins-Smith,1,4
2017,Courtney Vandersloot,,3
2017,DeWanna Bonner,,3
2017,Epiphanny Prince,,3
2017,Breanna Stewart,,2
2017,Jewell Loyd,,2
2017,Chelsea Gray,1,1
2017,Jonquel Jones,1,1
2018,Andrea Stinson,,21
2018,Cynthia Cooper,,21
2018,Eva Nemcova,,21
2018,Jennifer Gillom,,21
2018,Lisa Leslie,,21
2018,Rebecca Lobo,,21
2018,Ruthie Bolton,,21
2018,Teresa Weatherspoon,,21
2018,Tina Thompson,,21
2018,Wendy Palmer,,21
2018,Cindy Brown,,21
2018,Sheryl Swoopes,,21
2018,Suzie McConnell Serio,,21
2018,Chamique Holdsclaw,,20
2018,Natalie Williams,,20
2018,Shannon Johnson,,20
2018,Ticha Penicheiro,,20
2018,Yolanda Griffith,,20
2018,Betty Lennox,,19
2018,Katie Smith,,19
2018,Janeth Arcain,,18
2018,Merlakia Jones,,18
2018,Tamecka Dixon,,18
2018,Mwadi Mabika,,17
2018,Sue Bird,,17
2018,Tamika Catchings,,17
2018,Tari Phillips,,17
2018,Cheryl Ford,,16
2018,Deanna Nolan,,16
2018,Lauren Jackson,,16
2018,Nikki Teasley,,16
2018,Swin Cash,,16
2018,Diana Taurasi,1,15
2018,Nykesha Sales,,15
2018,Becky Hammon,,14
2018,Taj McWilliams-Franklin,,14
2018,Alana Beard,,13
2018,Katie Douglas,,13
2018,Seimone Augustus,,13
2018,Penny Taylor,,12
2018,Sophia Young-Malcolm,,12
2018,Asjha Jones,,11
2018,Candace Parker,1,11
2018,Lindsay Whalen,,15
2018,Cappie Pondexter,,10
2018,Angel McCoughtry,,9
2018,Crystal Langhorne,,9
2018,Sylvia Fowles,,9
2018,Tina Charles,,9
2018,Kristi Toliver,,7
2018,Maya Moore,1,7
2018,Elena Delle Donne,1,6
2018,Brittney Griner,1,5
2018,Danielle Robinson,,5
2018,Lindsay Whalen,,16
2018,Nneka Ogwumike,,5
2018,Skylar Diggins-Smith,1,5
2018,Courtney Vandersloot,1,4
2018,DeWanna Bonner,,4
2018,Epiphanny Prince,,4
2018,Breanna Stewart,1,3
2018,Jewell Loyd,,3
2018,Chelsea Gray,,2
2018,Jonquel Jones,,2
2018,Liz Cambage,1,1
2018,Tiffany Hayes,1,1
2019,Andrea Stinson,,22
2019,Cynthia Cooper,,22
2019,Eva Nemcova,,22
2019,Jennifer Gillom,,22
2019,Lisa Leslie,,22
2019,Rebecca Lobo,,22
2019,Ruthie Bolton,,22
2019,Teresa Weatherspoon,,22
2019,Tina Thompson,,22
2019,Wendy Palmer,,22
2019,Cindy Brown,,22
2019,Sheryl Swoopes,,22
2019,Suzie McConnell Serio,,22
2019,Chamique Holdsclaw,,21
2019,Natalie Williams,,21
2019,Shannon Johnson,,21
2019,Ticha Penicheiro,,21
2019,Yolanda Griffith,,21
2019,Betty Lennox,,20
2019,Katie Smith,,20
2019,Janeth Arcain,,19
2019,Merlakia Jones,,19
2019,Tamecka Dixon,,19
2019,Mwadi Mabika,,18
2019,Sue Bird,,18
2019,Tamika Catchings,,18
2019,Tari Phillips,,18
2019,Cheryl Ford,,17
2019,Deanna Nolan,,17
2019,Lauren Jackson,,17
2019,Nikki Teasley,,17
2019,Swin Cash,,17
2019,Diana Taurasi,,16
2019,Nykesha Sales,,16
2019,Becky Hammon,,15
2019,Taj McWilliams-Franklin,,15
2019,Alana Beard,,14
2019,Katie Douglas,,14
2019,Seimone Augustus,,14
2019,Penny Taylor,,13
2019,Sophia Young-Malcolm,,13
2019,Asjha Jones,,12
2019,Candace Parker,,12
2019,Lindsay Whalen,,17
2019,Cappie Pondexter,,11
2019,Angel McCoughtry,,10
2019,Crystal Langhorne,,10
2019,Sylvia Fowles,,10
2019,Tina Charles,,10
2019,Kristi Toliver,,8
2019,Maya Moore,,8
2019,Elena Delle Donne,1,7
2019,Brittney Griner,1,6
2019,Danielle Robinson,,6
2019,Lindsay Whalen,,18
2019,Nneka Ogwumike,1,6
2019,Skylar Diggins-Smith,,6
2019,Courtney Vandersloot,1,5
2019,DeWanna Bonner,,5
2019,Epiphanny Prince,,5
2019,Breanna Stewart,,4
2019,Jewell Loyd,,4
2019,Chelsea Gray,1,3
2019,Jonquel Jones,1,3
2019,Liz Cambage,1,2
2019,Tiffany Hayes,,2
2019,Diamond DeShields,1,1
2019,Natasha Howard,1,1
2019,Odyssey Sims,1,1
2020,Andrea Stinson,,23
2020,Cynthia Cooper,,23
2020,Eva Nemcova,,23
2020,Jennifer Gillom,,23
2020,Lisa Leslie,,23
2020,Rebecca Lobo,,23
2020,Ruthie Bolton,,23
2020,Teresa Weatherspoon,,23
2020,Tina Thompson,,23
2020,Wendy Palmer,,23
2020,Cindy Brown,,23
2020,Sheryl Swoopes,,23
2020,Suzie McConnell Serio,,23
2020,Chamique Holdsclaw,,22
2020,Natalie Williams,,22
2020,Shannon Johnson,,22
2020,Ticha Penicheiro,,22
2020,Yolanda Griffith,,22
2020,Betty Lennox,,21
2020,Katie Smith,,21
2020,Janeth Arcain,,20
2020,Merlakia Jones,,20
2020,Tamecka Dixon,,20
2020,Mwadi Mabika,,19
2020,Sue Bird,,19
2020,Tamika Catchings,,19
2020,Tari Phillips,,19
2020,Cheryl Ford,,18
2020,Deanna Nolan,,18
2020,Lauren Jackson,,18
2020,Nikki Teasley,,18
2020,Swin Cash,,18
2020,Diana Taurasi,1,17
2020,Nykesha Sales,,17
2020,Becky Hammon,,16
2020,Taj McWilliams-Franklin,,16
2020,Alana Beard,,15
2020,Katie Douglas,,15
2020,Seimone Augustus,,15
2020,Penny Taylor,,14
2020,Sophia Young-Malcolm,,14
2020,Asjha Jones,,13
2020,Candace Parker,1,13
2020,Lindsay Whalen,,19
2020,Cappie Pondexter,,12
2020,Angel McCoughtry,,11
2020,Crystal Langhorne,,11
2020,Sylvia Fowles,,11
2020,Tina Charles,,11
2020,Kristi Toliver,,9
2020,Maya Moore,,9
2020,Elena Delle Donne,,8
2020,Brittney Griner,,7
2020,Danielle Robinson,,7
2020,Lindsay Whalen,,20
2020,Nneka Ogwumike,,7
2020,Skylar Diggins-Smith,1,7
2020,Courtney Vandersloot,1,6
2020,DeWanna Bonner,1,6
2020,Epiphanny Prince,,6
2020,Breanna Stewart,1,5
2020,Jewell Loyd,,5
2020,Chelsea Gray,,4
2020,Jonquel Jones,,4
2020,Liz Cambage,,3
2020,Tiffany Hayes,,3
2020,Diamond DeShields,,2
2020,Natasha Howard,,2
2020,Odyssey Sims,,2
2020,A'ja Wilson,1,1
2020,Arike Ogunbowale,1,1
2020,Myisha Hines-Allen,1,1
2020,Napheesa Collier,1,1
2021,Andrea Stinson,,24
2021,Cynthia Cooper,,24
2021,Eva Nemcova,,24
2021,Jennifer Gillom,,24
2021,Lisa Leslie,,24
2021,Rebecca Lobo,,24
2021,Ruthie Bolton,,24
2021,Teresa Weatherspoon,,24
2021,Tina Thompson,,24
2021,Wendy Palmer,,24
2021,Cindy Brown,,24
2021,Sheryl Swoopes,,24
2021,Suzie McConnell Serio,,24
2021,Chamique Holdsclaw,,23
2021,Natalie Williams,,23
2021,Shannon Johnson,,23
2021,Ticha Penicheiro,,23
2021,Yolanda Griffith,,23
2021,Betty Lennox,,22
2021,Katie Smith,,22
2021,Janeth Arcain,,21
2021,Merlakia Jones,,21
2021,Tamecka Dixon,,21
2021,Mwadi Mabika,,20
2021,Sue Bird,,20
2021,Tamika Catchings,,20
2021,Tari Phillips,,20
2021,Cheryl Ford,,19
2021,Deanna Nolan,,19
2021,Lauren Jackson,,19
2021,Nikki Teasley,,19
2021,Swin Cash,,19
2021,Diana Taurasi,,18
2021,Nykesha Sales,,18
2021,Becky Hammon,,17
2021,Taj McWilliams-Franklin,,17
2021,Alana Beard,,16
2021,Katie Douglas,,16
2021,Seimone Augustus,,16
2021,Penny Taylor,,15
2021,Sophia Young-Malcolm,,15
2021,Asjha Jones,,14
2021,Candace Parker,,14
2021,Lindsay Whalen,,21
2021,Cappie Pondexter,,13
2021,Angel McCoughtry,,12
2021,Crystal Langhorne,,12
2021,Sylvia Fowles,1,12
2021,Tina Charles,1,12
2021,Kristi Toliver,,10
2021,Maya Moore,,10
2021,Elena Delle Donne,,9
2021,Brittney Griner,1,8
2021,Danielle Robinson,,8
2021,Lindsay Whalen,,22
2021,Nneka Ogwumike,,8
2021,Skylar Diggins-Smith,1,8
2021,Courtney Vandersloot,1,7
2021,DeWanna Bonner,,7
2021,Epiphanny Prince,,7
2021,Breanna Stewart,1,6
2021,Jewell Loyd,1,6
2021,Chelsea Gray,,5
2021,Jonquel Jones,1,5
2021,Liz Cambage,,4
2021,Tiffany Hayes,,4
2021,Diamond DeShields,,3
2021,Natasha Howard,,3
2021,Odyssey Sims,,3
2021,A'ja Wilson,1,2
2021,Arike Ogunbowale,1,2
2021,Myisha Hines-Allen,,2
2021,Napheesa Collier,,2